Reference,Value,Footprint,Qty,DNP,Dielectric,Mouser,Tollerance,Voltage
"C1,C17,C32,C47,C53,C57,C67",4u7,Capacitor_SMD:C_0805_2012Metric_Pad1.18x1.45mm_HandSolder,7,,X7R,81-GRM21BR71C475KE1L,10%,16 V
"C2,C3,C6,C7,C19,C21,C22,C34,C36,C37,C49,C50,C51,C52,C55,C58,C59,C60,C61,C63,C64,C65,C68,C69,C70,C71,C72,C73,C74,C75",100n,Capacitor_SMD:C_0603_1608Metric_Pad1.08x0.95mm_HandSolder,30,,X7R,187-CL10B104KC8NNNC,10%,-- mixed values --
"C5,C20,C35",22n,Capacitor_SMD:C_0603_1608Metric_Pad1.08x0.95mm_HandSolder,3,,X7R,810-C1608X7R1H223K,10%,50V
"C8,C23,C38,C54",4u7,Capacitor_SMD:C_1206_3216Metric_Pad1.33x1.80mm_HandSolder,4,,X7R,81-GRM31CZ72A475K11L,10%,100 V
"C9,C24,C39",150u,Capacitor_THT:CP_Radial_D10.0mm_P5.00mm,3,,,667-EEU-FR1J151,20%,63 V
"C18,C33,C48",470n,Capacitor_SMD:C_0603_1608Metric_Pad1.08x0.95mm_HandSolder,3,,X7R,187-CL10B474KA8NNNC,10%,25 V
C56,22u,Capacitor_SMD:C_1206_3216Metric_Pad1.33x1.80mm_HandSolder,1,,X5R,187-CL31A226MOCLNNC,20%,16 V
C66,220 pF,Capacitor_SMD:C_0603_1608Metric_Pad1.08x0.95mm_HandSolder,1,,NP0,80-C0603C221J5GAUTLR,5 %,50 V
D1,13V,Diode_SMD:D_SOD-123,1,,,771-BZT52-C13J,,
F1,Polyfuse 500 mA,Fuse:Fuse_1210_3225Metric_Pad1.42x2.65mm_HandSolder,1,,,650-MICROSMD050F-2,,
F3,12 A,Fuse:Fuse_1206_3216Metric_Pad1.42x1.75mm_HandSolder,1,,,SF-1206HH1200R-2 ,,
"FB1,FB2,FB4",FerriteBead,project:Wurth_CBF_0805,3,,,710-742792030,,
"J3,J5,J7",PHOENIX CONTACT 1755752,project:PHOENIX_1755752,3,,,651-1755752,,
J4,Conn_Coaxial,Connector_Coaxial:U.FL_Molex_MCRF_73412-0110_Vertical,1,,,538-73412-0110,,
J9,USB4105-GF-A,project:USB-TYPE-C-12P,1,,,640-USB4105-GF-A,,
J10,Phoenix 1987096,"TerminalBlock_Phoenix:TerminalBlock_Phoenix_MKDS-1,5-2-5.08_1x02_P5.08mm_Horizontal",1,,,651-1987096,,
"J15,J16,J17",~,"project:PHOENIX_MVSTBR 2,5 4-ST-5,08",3,,,651-1792265,,
L1,47uH,project:L_Taiyo-Yuden_NR-60xx,1,,,963-NRS6028T470MMGJ,,
M1,32001505/6CEU,MIPOT_MiP_Series:32001514_R2,1,,,,,
"MOT1,MOT2,MOT3",TMC2130-LA,TMC2130-LA:TMC_QFN36_0.5_5.0X6.0,3,,,700-TMC2130LA,,
Q1,DMPH6050SK3-13,Package_TO_SOT_SMD:TO-252-2,1,,,621-DMPH6050SK3-13,,
"Q2,Q3",BS870,Package_TO_SOT_SMD:SOT-23,2,,,621-BS870-F,,
"R2,R3,R4,R5,R6,R8,R9,R10,R14,R15,R16,R17,R20,R26,R27,R32,R33,R34,R35,R38,R44,R45,R50,R51,R52,R53,R56,R62,R63,R69,R70,R71,R72,R83,R84",22R,Resistor_SMD:R_0603_1608Metric_Pad0.98x0.95mm_HandSolder,35,,,603-AC0603JR-0722RL,5%,
"R7,R74,R88",360K,Resistor_SMD:R_0603_1608Metric_Pad0.98x0.95mm_HandSolder,3,,,603-RT0603FRE07360KL,1%,
"R11,R12,R13,R18,R19,R23,R25,R31,R36,R37,R41,R43,R49,R54,R55,R59,R61",0R,Resistor_SMD:R_0603_1608Metric_Pad0.98x0.95mm_HandSolder,17,,,603-RC0603FR-100RL,,
"R21,R22,R39,R40,R57,R58,R87,R89",10K,Resistor_SMD:R_0603_1608Metric_Pad0.98x0.95mm_HandSolder,8,,,603-RC0603JR-0710KL,5%,
"R28,R29,R46,R47,R64,R65",0R22,Resistor_SMD:R_1206_3216Metric_Pad1.30x1.75mm_HandSolder,6,,,603-RL1206FR070R22L,1%,
"R30,R48,R66",2R2,Resistor_SMD:R_0603_1608Metric_Pad0.98x0.95mm_HandSolder,3,,,603-RC0603JR-072R2L,5%,
"R67,R68",5.1K,Resistor_SMD:R_0603_1608Metric_Pad0.98x0.95mm_HandSolder,2,,,603-RC0603FR-105K1L,1%,
"R73,R76",56.2K,Resistor_SMD:R_0603_1608Metric_Pad0.98x0.95mm_HandSolder,2,,,603-RC0402FR-0756K2L,1%,
R75,1M,Resistor_SMD:R_0603_1608Metric_Pad0.98x0.95mm_HandSolder,1,,,603-RC0603FR-071ML,1%,
R85,18K,Resistor_SMD:R_0603_1608Metric_Pad0.98x0.95mm_HandSolder,1,,,603-RC0402FR-0718KL,1%,
R86,56.2K,Resistor_SMD:R_0603_1608Metric_Pad0.98x0.95mm_HandSolder,1,,,603-RC0402FR-0756K2L,1%,
U2,FT230XQ,project:QFN-16-1EP_4x4mm_P0.65mm_EP2.1x2.1mm,1,,,895-FT230XQ-R,,
U3,USBLC6-2SC6,Package_TO_SOT_SMD:SOT-23-6,1,,,511-USBLC6-2SC6,,
U4,LMR51610XDBVR,Package_TO_SOT_SMD:SOT-23-6,1,,,595-LMR51610XDBVR,,
U6,TXS0102DCUR,Package_SO:VSSOP-8_2.3x2mm_P0.5mm,1,,,595-TXS0102DCUR,,
U7,AP2127K-ADJTRG1,Package_TO_SOT_SMD:SOT-23-5,1,,,621-AP2127K-ADJTRG1,,
"U8,U9",MCP6001-OT,Package_TO_SOT_SMD:SOT-23-5,2,,,579-MCP6001T-E/OT,,
